{
    "16523004": "Gita Larasati",
    "16523109": "William Anthony",
    "16523214": "Fajar Asyraf R",
    "19623053": "Luckman Fakhmanidris Arvasirri",
    "19623193": "Felissha Dunell Damanik",
    "16523011": "Adhindamuthia Ramadhiani",
    "16523116": "Danish Fayyadh Altamis",
    "16523221": "Rifqi Danang Ardhiawan",
    "19623060": "Ghazy Achmed Movlech Urbayani",
    "19623200": "Nazwan Siddqi Muttaqin",
    "16523018": "Joenathan Luther Sihotang",
    "16523123": "Jonathan Otto",
    "16523228": "Mohammad Najmutstsaqib",
    "19623067": "Naila Selvira Budiana",
    "19623221": "Kenneth Poenadi",
    "16523025": "Habibie Muhammad Ghifari",
    "16523130": "Abidah Izdihar Dzakiyyah",
    "16523235": "Rafif Reinhart Al Aflah",
    "19623074": "Julius Arthur",
    "19623228": "Bevinda Vivian",
    "16523032": "Kenzie Ahmad Wistara",
    "16523137": "Muhammad Jafar Fadli",
    "16523242": "Farrel Musyafa Arzuli",
    "19623088": "Indah Novita Tangdililing",
    "19623235": "Clarissa Nethania Tambunan",
    "16523039": "A.A Gede Aditya Virgadinata",
    "16523144": "Bonaventura Aditya J. H. P.",
    "16523249": "Kheitaro Ameniel Gugun M",
    "19623102": "Rafizan Muhammad Syawalazmi",
    "19623242": "Muhammad Iqbal Haidar",
    "16523046": "Zaki Hilman Yahya",
    "16523151": "Muhammad Fauzan Syarif",
    "16523256": "Naira Fadhilah PutriDyanti",
    "19623109": "Rayhan Hidayatul Fikri",
    "19623249": "Raka Daffa Iftikhaar",
    "16523053": "Nathan Jeremia Barus",
    "16523158": "Al Rafi Fazle Mawla Widodo",
    "16523263": "I Putu Bagus Dharma Andhika",
    "19623116": "Zulfaqqar Nayaka Athadiansyah",
    "19623256": "Joan Melkior Silaen",
    "16523060": "Rafie Naufal Halimi",
    "16523165": "Zahra Faiza Fithriah",
    "16523270": "Denis Fathullah Pratama",
    "19623130": "Muhammad Ghifary Komara Putra",
    "19623263": "Joel Hotlan Haris Siahaan",
    "16523067": "Ayman Rafsanjani Natawijaya",
    "16523172": "Muhammad Zia Alby Wafaq",
    "19623004": "Aliya Husna Fayyaza",
    "19623137": "Adinda Putri",
    "19623270": "Kenlyn Tesalonika Winata",
    "16523074": "Hanif Muflih Hidayat",
    "16523179": "Yondava An Nahla Attar",
    "19623011": "Noumisyifa Nabila Nareswari",
    "19623144": "Muhammad Aufa Farabi",
    "19623277": "Muhammad Jibril Ibrahim",
    "16523081": "Devon Josiah",
    "16523186": "Kenneth Alexander Jim's",
    "19623018": "Stefan Mattew Susanto",
    "19623151": "Keane Putra Lim",
    "19623284": "Peter Wongsoredjo",
    "16523088": "Hanif Muhamad Assegaf",
    "16523193": "Darren Johan",
    "19623025": "Vincentia Belinda Sumartoyo",
    "19623158": "Andhika Maulana Addiputra",
    "19623298": "Wardatul Khoiroh",
    "16523095": "Elisabeth Erica Christanto",
    "16523200": "Achmad Fadhil",
    "19623039": "Devon Wiraditya Tanumihardja",
    "19623165": "Salman Hanif",
    "19623305": "Abdullah Farhan",
    "16523102": "Stanislaus Justin Widjaya",
    "16523207": "Ramadhan Abhinawa Herawanto",
    "19623046": "Farella Kamala Budianto",
    "19623172": "Qodri Azkarayan"
}
